event,gender,age,engagement,cost,benefits,type,reason,years_tenure
1,m,35,8.3,884,yes,voluntary,Conflict with colleagues and manager,1
1,m,33,8.3,6693,no,voluntary,Unhappy with job responsibilities,2
1,f,35,8.3,8770,yes,voluntary,Poor management and work culture,1
1,f,35,6.7,833,no,involuntary,Misconduct and inappropriate behavior,1
1,m,32,3.7,9959,yes,voluntary,Misconduct and inappropriate behavior,1
1,f,42,6.7,8685,yes,voluntary,Better salary and benefits,1
1,f,42,6.7,8904,yes,voluntary,Violation of company policies and procedures,1
1,f,28,4.4,4995,yes,involuntary,Lack of career growth opportunities,10
1,f,29,7.5,4432,yes,involuntary,Conflict with colleagues and manager,1
1,f,30,8.3,4325,no,involuntary,Misconduct and inappropriate behavior,0
1,f,40,6.7,2360,yes,voluntary,Lack of career growth opportunities,6
1,m,23,7.5,1629,yes,involuntary,Violation of company policies and procedures,2
1,f,22,6,8668,no,voluntary,Lack of career growth opportunities,2
1,f,24,9,3808,no,voluntary,Misconduct and inappropriate behavior,1
1,f,25,6.7,9069,yes,involuntary,Poor management and work culture,3
1,f,28,5.2,6308,no,voluntary,Violation of company policies and procedures,1
1,f,30,6.7,5,yes,voluntary,Poor management and work culture,1
1,f,27,8.3,602,yes,involuntary,Poor performance and attendance,2
1,f,36,7.5,1883,no,voluntary,Violation of company policies and procedures,1
1,f,29,6,1865,yes,voluntary,Violation of company policies and procedures,4
1,f,29,7.5,6994,no,involuntary,Better salary and benefits,4
1,f,48,6.7,660,no,voluntary,Violation of company policies and procedures,3
1,f,29,6,1959,yes,voluntary,Poor performance and attendance,2
1,f,25,5.2,1085,yes,voluntary,Violation of company policies and procedures,5
1,f,25,2.1,2329,no,involuntary,Poor performance and attendance,5
1,f,36,7.5,313,yes,involuntary,Lack of career growth opportunities,1
1,f,36,5.2,5721,no,voluntary,Better salary and benefits,2
1,m,29,3.7,6713,no,involuntary,Poor management and work culture,1
1,f,35,7.5,4717,yes,involuntary,Violation of company policies and procedures,0
1,f,35,6,4984,no,involuntary,Unhappy with job responsibilities,0
1,f,21,6,9367,yes,involuntary,Poor performance and attendance,1
1,m,35,4.4,1667,yes,voluntary,Poor management and work culture,1
1,f,25,7.5,28,no,voluntary,Conflict with colleagues and manager,2
1,f,30.40033257,6.7,6802,no,involuntary,Violation of company policies and procedures,5
1,f,29,9,5001,yes,involuntary,Better salary and benefits,7
1,f,22,6,8877,no,involuntary,Violation of company policies and procedures,4
1,f,34,4.4,1540,no,voluntary,Lack of career growth opportunities,2
1,f,34,2.9,2096,no,voluntary,Violation of company policies and procedures,2
1,f,34,4.4,5540,no,involuntary,Poor management and work culture,2
1,f,34,2.9,9147,yes,involuntary,Unhappy with job responsibilities,2
1,f,21,2.1,7406,yes,voluntary,Violation of company policies and procedures,1
1,f,22,4.4,7000,yes,involuntary,Poor management and work culture,1
1,f,32,2.9,476,no,involuntary,Unhappy with job responsibilities,3
1,f,36,8.3,7843,no,voluntary,Violation of company policies and procedures,2
1,f,30,3.7,2969,yes,voluntary,Conflict with colleagues and manager,0
1,f,32,6,2007,yes,voluntary,Lack of career growth opportunities,7
1,f,33,8.3,4501,yes,voluntary,Poor management and work culture,1
1,f,49,6.7,608,no,involuntary,Lack of career growth opportunities,3
1,f,29,5.2,9032,no,voluntary,Violation of company policies and procedures,0
1,f,29,2.9,2606,yes,voluntary,Unhappy with job responsibilities,0
1,f,29,3.7,2564,no,voluntary,Better salary and benefits,0
1,m,36,7.5,506,yes,voluntary,Poor performance and attendance,1
1,f,22,6.7,6740,no,involuntary,Poor performance and attendance,8
1,f,21,9,6232,no,involuntary,Misconduct and inappropriate behavior,3
1,f,25,6,4752,yes,voluntary,Poor performance and attendance,1
1,m,38,3.7,7033,yes,involuntary,Poor performance and attendance,4
1,m,38,6,4513,yes,involuntary,Conflict with colleagues and manager,4
1,f,23,8.3,2924,yes,voluntary,Conflict with colleagues and manager,3
1,f,23,9,1987,yes,voluntary,Poor management and work culture,3
1,m,38,6,8339,yes,involuntary,Poor management and work culture,3
1,f,24,6.7,1631,no,voluntary,Better salary and benefits,1
1,f,24,6.7,8743,yes,involuntary,Violation of company policies and procedures,1
1,f,36,6,9077,no,voluntary,Lack of career growth opportunities,4
1,f,21,5.2,6202,yes,involuntary,Lack of career growth opportunities,1
1,f,29,8.3,2186,yes,involuntary,Better salary and benefits,7
1,f,29,4.4,6334,no,voluntary,Poor performance and attendance,5
1,f,26,2.9,5797,no,voluntary,Conflict with colleagues and manager,0
1,m,36,5.2,3208,no,involuntary,Poor performance and attendance,2
1,m,36,4.4,1273,yes,voluntary,Unhappy with job responsibilities,2
1,f,30.40033257,6,8211,yes,involuntary,Conflict with colleagues and manager,4
1,f,22,6.7,3118,no,involuntary,Poor performance and attendance,8
1,m,29,5.2,2861,no,voluntary,Conflict with colleagues and manager,3
1,f,23,5.2,8264,no,voluntary,Misconduct and inappropriate behavior,5
1,m,22,9,2354,no,involuntary,Violation of company policies and procedures,1
1,f,36,9,740,yes,voluntary,Conflict with colleagues and manager,4
1,m,27,4.4,394,no,involuntary,Misconduct and inappropriate behavior,1
0,f,34,6.7,7032,no,involuntary,Misconduct and inappropriate behavior,1
0,f,34,6,481,no,voluntary,Misconduct and inappropriate behavior,1
0,f,34,6.7,7576,no,involuntary,Misconduct and inappropriate behavior,1
1,f,25,5.2,6667,yes,voluntary,Unhappy with job responsibilities,5
1,f,25,2.1,6398,yes,voluntary,Lack of career growth opportunities,5
1,f,24,6.7,6876,no,involuntary,Misconduct and inappropriate behavior,1
1,f,27,8.3,3706,yes,voluntary,Poor management and work culture,3
1,f,34,5.2,3945,no,involuntary,Unhappy with job responsibilities,1
1,f,34,4.4,8674,yes,involuntary,Lack of career growth opportunities,1
1,f,24,6.7,4100,no,voluntary,Poor performance and attendance,8
1,f,23,2.1,7752,no,involuntary,Lack of career growth opportunities,7
1,f,38,7.5,3424,no,voluntary,Violation of company policies and procedures,4
1,f,25,7.5,2296,no,voluntary,Poor management and work culture,1
1,f,25,9,9002,yes,voluntary,Poor management and work culture,1
1,f,28,6.7,3744,no,voluntary,Better salary and benefits,2
1,f,29,6,1372,no,involuntary,Poor management and work culture,7
1,m,26,2.9,6928,yes,involuntary,Violation of company policies and procedures,1
1,m,21,6,4834,yes,involuntary,Better salary and benefits,2
1,f,25,2.9,3530,no,voluntary,Unhappy with job responsibilities,1
1,f,25,2.9,9336,no,involuntary,Better salary and benefits,1
1,f,24,2.9,6976,yes,voluntary,Violation of company policies and procedures,0
1,f,31,3.7,8328,yes,involuntary,Violation of company policies and procedures,1
1,f,45,2.9,7873,no,involuntary,Conflict with colleagues and manager,7
1,f,21,5.2,4064,no,voluntary,Unhappy with job responsibilities,1
1,f,22,8.3,6633,no,voluntary,Lack of career growth opportunities,2
1,f,37,9,5735,yes,voluntary,Unhappy with job responsibilities,1
1,f,32,8.3,78,no,involuntary,Poor performance and attendance,2
1,f,37,8.3,5211,yes,involuntary,Unhappy with job responsibilities,4
1,f,30,8.3,7038,no,involuntary,Poor performance and attendance,4
1,f,37,9,7266,yes,voluntary,Poor performance and attendance,2
1,f,22,4.4,6929,no,voluntary,Poor management and work culture,3
1,f,22,5.2,7155,no,involuntary,Conflict with colleagues and manager,3
1,f,22,6,1380,no,voluntary,Better salary and benefits,10
1,f,22,6.7,9590,no,involuntary,Conflict with colleagues and manager,10
1,m,28,6.7,9265,yes,voluntary,Conflict with colleagues and manager,1
1,m,28,8.3,2538,yes,voluntary,Violation of company policies and procedures,1
1,m,25,4.4,1423,yes,involuntary,Better salary and benefits,1
1,f,23,4.4,6782,no,involuntary,Lack of career growth opportunities,2
1,m,25,6,2230,yes,involuntary,Poor management and work culture,1
1,f,26,6,945,yes,involuntary,Violation of company policies and procedures,1
1,f,26,5.2,4724,yes,voluntary,Poor performance and attendance,1
1,m,30,6.7,1555,no,voluntary,Lack of career growth opportunities,2
1,m,38,8.3,6886,no,involuntary,Unhappy with job responsibilities,1
1,f,37,8.3,894,yes,voluntary,Conflict with colleagues and manager,0
1,f,26,2.9,365,no,involuntary,Poor management and work culture,2
1,f,27,3.7,8877,no,involuntary,Better salary and benefits,9
1,f,29,5.2,98,no,voluntary,Violation of company policies and procedures,0
1,f,29,2.9,2021,no,involuntary,Unhappy with job responsibilities,0
1,f,29,3.7,3734,yes,involuntary,Violation of company policies and procedures,0
1,f,26,3.7,1319,no,involuntary,Unhappy with job responsibilities,6
1,f,26,2.9,182,no,voluntary,Conflict with colleagues and manager,6
1,f,49,6,4497,no,involuntary,Poor performance and attendance,4
1,m,21,9,2338,yes,involuntary,Poor performance and attendance,3
1,m,21,8.3,8054,yes,voluntary,Unhappy with job responsibilities,3
1,m,26,7.5,7571,yes,involuntary,Lack of career growth opportunities,3
1,f,22,4.4,5512,no,voluntary,Unhappy with job responsibilities,4
1,m,51,5.2,1845,yes,voluntary,Poor performance and attendance,2
1,f,28,4.4,3194,no,involuntary,Lack of career growth opportunities,4
1,m,52,6.7,2,no,involuntary,Misconduct and inappropriate behavior,2
1,f,43,7.5,4165,yes,involuntary,Violation of company policies and procedures,1
1,f,44,6,4387,no,involuntary,Poor performance and attendance,4
1,f,45,3.7,6868,no,involuntary,Misconduct and inappropriate behavior,1
1,f,27,9,2343,yes,voluntary,Poor performance and attendance,2
1,f,26,7.5,8282,no,involuntary,Misconduct and inappropriate behavior,2
1,f,25,7.5,8695,no,involuntary,Better salary and benefits,2
1,f,19,6.7,6960,yes,voluntary,Poor performance and attendance,13
1,f,31,9.8,7588,yes,voluntary,Misconduct and inappropriate behavior,1
1,f,31,2.1,3614,yes,voluntary,Conflict with colleagues and manager,7
1,f,31,2.1,1388,no,involuntary,Unhappy with job responsibilities,7
1,f,31,5.2,7500,yes,involuntary,Unhappy with job responsibilities,7
1,f,30.40033257,1,6350,yes,involuntary,Unhappy with job responsibilities,1
1,f,30.40033257,3.7,8144,yes,voluntary,Violation of company policies and procedures,1
1,f,18,5.2,6365,no,voluntary,Poor performance and attendance,12
1,m,33,8.3,796,no,involuntary,Lack of career growth opportunities,1
1,f,36,6,257,yes,involuntary,Conflict with colleagues and manager,1
1,f,31,6,5318,no,involuntary,Unhappy with job responsibilities,5
1,f,45,6,8846,yes,involuntary,Poor management and work culture,0
1,f,29,6,5525,yes,involuntary,Unhappy with job responsibilities,2
1,m,23,5.2,5433,no,involuntary,Poor management and work culture,7
1,f,27,2.9,6951,yes,voluntary,Poor performance and attendance,1
1,f,22,5.2,3012,no,voluntary,Poor performance and attendance,2
1,m,47,2.1,3730,no,voluntary,Violation of company policies and procedures,1
1,m,47,3.7,1544,no,involuntary,Poor management and work culture,1
1,m,47,4.4,5640,no,voluntary,Lack of career growth opportunities,1
1,f,30.40033257,6,2384,no,voluntary,Misconduct and inappropriate behavior,1
1,f,28,6,9392,no,voluntary,Unhappy with job responsibilities,4
0,f,43,6,2983,no,involuntary,Conflict with colleagues and manager,11
1,m,26,6.7,9307,no,voluntary,Poor performance and attendance,2
1,f,31,1.3,3122,yes,involuntary,Poor management and work culture,0
1,m,24,6.7,9931,yes,involuntary,Violation of company policies and procedures,1
1,f,27,9,2544,no,involuntary,Poor management and work culture,2
1,m,35,2.9,2999,no,voluntary,Poor management and work culture,1
1,m,35,6,4019,no,voluntary,Lack of career growth opportunities,1
1,f,31,4.4,9894,yes,involuntary,Unhappy with job responsibilities,6
1,m,23,5.2,4292,yes,voluntary,Poor management and work culture,1
1,f,40,7.5,1373,yes,voluntary,Better salary and benefits,1
1,f,31,8.3,9346,yes,involuntary,Misconduct and inappropriate behavior,11
1,f,37,5.2,184,no,voluntary,Conflict with colleagues and manager,3
1,f,24,6,9084,yes,voluntary,Misconduct and inappropriate behavior,0
1,f,23,6,3483,yes,voluntary,Violation of company policies and procedures,1
1,f,23,5.2,3809,yes,involuntary,Violation of company policies and procedures,1
1,f,46,6,8893,yes,involuntary,Violation of company policies and procedures,1
1,f,23,3.7,7730,no,voluntary,Violation of company policies and procedures,1
1,f,40,8.3,834,no,involuntary,Unhappy with job responsibilities,1
1,m,39,3.7,8153,no,involuntary,Lack of career growth opportunities,1
1,f,28,3.7,8070,yes,voluntary,Conflict with colleagues and manager,1
1,m,40,9.8,8717,yes,voluntary,Lack of career growth opportunities,3
1,m,33,5.2,1227,no,involuntary,Poor management and work culture,6
1,m,33,4.4,3215,no,involuntary,Poor performance and attendance,6
1,f,24,3.7,3708,no,voluntary,Unhappy with job responsibilities,1
1,f,38,6.7,212,yes,involuntary,Poor performance and attendance,4
1,m,35,7.5,8764,yes,voluntary,Lack of career growth opportunities,4
1,f,33,6,9707,yes,involuntary,Misconduct and inappropriate behavior,1
1,f,36,6,96,no,involuntary,Better salary and benefits,2
1,f,36,3.7,9770,yes,involuntary,Unhappy with job responsibilities,2
1,f,36,5.2,1111,yes,voluntary,Misconduct and inappropriate behavior,2
1,f,22,9,3982,yes,involuntary,Poor performance and attendance,2
1,f,38,5.2,3322,yes,voluntary,Conflict with colleagues and manager,3
1,f,23,4.4,4432,yes,voluntary,Lack of career growth opportunities,0
1,f,23,3.7,8047,yes,involuntary,Poor management and work culture,0
1,f,24,2.1,5358,no,voluntary,Violation of company policies and procedures,6
1,m,26,6.7,1408,no,voluntary,Poor management and work culture,14
1,f,33,5.2,2934,yes,involuntary,Poor performance and attendance,9
1,f,40,3.7,4745,yes,voluntary,Violation of company policies and procedures,2
1,f,23,2.9,8831,no,involuntary,Conflict with colleagues and manager,1
1,f,27,3.7,6873,yes,voluntary,Misconduct and inappropriate behavior,1
1,f,24,9.8,2971,yes,involuntary,Violation of company policies and procedures,1
1,f,30,6,2431,no,voluntary,Better salary and benefits,2
1,f,37,8.3,299,yes,involuntary,Poor performance and attendance,1
1,f,31,5.2,9146,yes,voluntary,Misconduct and inappropriate behavior,2
1,f,31,6.7,2466,no,involuntary,Poor management and work culture,3
1,f,23,2.1,8700,yes,involuntary,Misconduct and inappropriate behavior,2
1,f,40,8.3,437,yes,voluntary,Poor management and work culture,0
1,f,40,7.5,9039,no,voluntary,Violation of company policies and procedures,0
1,f,40,7.5,1964,no,involuntary,Conflict with colleagues and manager,0
1,f,37,2.9,1881,no,voluntary,Poor management and work culture,0
1,f,30,5.2,8704,no,involuntary,Conflict with colleagues and manager,2
1,f,38,6,1580,yes,voluntary,Poor management and work culture,1
1,m,32,7.5,5194,yes,involuntary,Poor management and work culture,5
1,f,34,6,1625,no,voluntary,Lack of career growth opportunities,1
1,f,25,5.2,9892,yes,voluntary,Lack of career growth opportunities,1
1,f,25,5.2,5216,yes,involuntary,Violation of company policies and procedures,1
0,m,33,5.2,3520,no,voluntary,Unhappy with job responsibilities,3
0,m,33,6,1970,no,involuntary,Poor performance and attendance,3
0,m,33,3.7,4647,no,voluntary,Misconduct and inappropriate behavior,3
1,m,37,6.7,1313,yes,voluntary,Poor management and work culture,2
1,f,31,5.2,2584,yes,involuntary,Conflict with colleagues and manager,3
0,f,30,8.3,2315,yes,voluntary,Unhappy with job responsibilities,12
1,m,26,1.3,846,yes,involuntary,Lack of career growth opportunities,2
1,m,33,9.8,9471,no,involuntary,Lack of career growth opportunities,2
0,f,25,7.5,1230,yes,voluntary,Misconduct and inappropriate behavior,8
0,f,32,8.3,7588,no,involuntary,Better salary and benefits,0
0,f,36,5.2,1958,no,voluntary,Better salary and benefits,8
0,f,38,6.7,5157,yes,involuntary,Violation of company policies and procedures,3
1,f,23,6,979,yes,involuntary,Misconduct and inappropriate behavior,4
1,f,26,5.2,4152,yes,voluntary,Better salary and benefits,7
1,f,24,3.7,5027,yes,involuntary,Lack of career growth opportunities,1
1,f,25,5.2,5048,yes,involuntary,Conflict with colleagues and manager,7
1,f,33,5.2,5735,yes,voluntary,Poor management and work culture,0
0,f,32,2.9,6561,yes,involuntary,Unhappy with job responsibilities,1
0,f,44,6,5005,yes,voluntary,Poor performance and attendance,1
1,f,24,2.9,1502,no,voluntary,Unhappy with job responsibilities,0
1,f,23,3.7,8209,no,voluntary,Poor performance and attendance,2
0,f,25,3.7,1650,no,involuntary,Better salary and benefits,3
1,f,34,9.8,5872,no,involuntary,Lack of career growth opportunities,0
1,m,30,6,4269,no,voluntary,Better salary and benefits,1
1,f,29,5.2,2029,no,voluntary,Unhappy with job responsibilities,1
1,f,30,6.7,5803,no,involuntary,Better salary and benefits,1
0,f,29,4.4,5495,yes,voluntary,Unhappy with job responsibilities,8
0,f,26,5.2,921,yes,involuntary,Poor performance and attendance,2
1,f,28,7.5,4351,no,voluntary,Violation of company policies and procedures,4
1,f,33,4.4,7771,no,involuntary,Misconduct and inappropriate behavior,7
1,f,33,2.9,7693,no,voluntary,Unhappy with job responsibilities,7
1,f,27,8.3,7231,no,involuntary,Misconduct and inappropriate behavior,4
1,f,32,7.5,4998,yes,involuntary,Poor management and work culture,12
1,f,31,7.5,960,no,involuntary,Poor management and work culture,2
0,f,23,6.7,3357,yes,voluntary,Better salary and benefits,2
1,m,22,6.7,1833,no,voluntary,Better salary and benefits,1
1,f,24,7.5,7324,no,voluntary,Conflict with colleagues and manager,13
1,f,23,6.7,466,no,involuntary,Misconduct and inappropriate behavior,2
0,f,32,8.3,1041,no,voluntary,Misconduct and inappropriate behavior,1
0,m,42,5.2,1727,no,involuntary,Lack of career growth opportunities,1
1,m,22,2.1,4252,no,involuntary,Misconduct and inappropriate behavior,6
1,m,39,8.3,6400,yes,voluntary,Violation of company policies and procedures,0
1,m,34,6,6535,yes,voluntary,Poor performance and attendance,1
0,f,30,6.7,7585,yes,voluntary,Poor performance and attendance,7
1,f,28,8.3,383,no,voluntary,Better salary and benefits,10
0,f,31,6.7,3626,no,involuntary,Violation of company policies and procedures,5
0,f,31,5.2,7875,no,voluntary,Unhappy with job responsibilities,5
1,f,32,7.5,1724,no,involuntary,Violation of company policies and procedures,2
0,f,40,6,3981,yes,involuntary,Poor performance and attendance,2
1,f,22,9.8,9542,yes,voluntary,Conflict with colleagues and manager,1
1,f,41,7.5,2531,yes,voluntary,Better salary and benefits,0
1,f,24,5.2,4483,no,voluntary,Misconduct and inappropriate behavior,2
1,f,24,5.2,5370,yes,involuntary,Unhappy with job responsibilities,2
1,f,26,8.3,337,yes,voluntary,Violation of company policies and procedures,1
1,f,36,4.4,6613,no,voluntary,Conflict with colleagues and manager,4
1,m,30,6,549,no,voluntary,Unhappy with job responsibilities,1
1,f,30,6,450,yes,voluntary,Unhappy with job responsibilities,6
0,f,31,6,1563,no,involuntary,Conflict with colleagues and manager,0
1,f,24,5.2,1978,yes,involuntary,Poor performance and attendance,2
1,f,28,7.5,9223,no,involuntary,Lack of career growth opportunities,0
1,f,24,7.5,2698,no,voluntary,Better salary and benefits,6
1,f,24,6.7,6898,no,involuntary,Misconduct and inappropriate behavior,6
1,f,44,6,371,yes,involuntary,Conflict with colleagues and manager,0
0,f,24,7.5,7375,no,voluntary,Better salary and benefits,6
1,m,39,7.5,622,no,voluntary,Poor management and work culture,1
0,f,35,6.7,1380,no,voluntary,Misconduct and inappropriate behavior,5
1,f,40,7.5,3709,yes,involuntary,Poor performance and attendance,3
1,f,30.40033257,8.3,8838,no,involuntary,Violation of company policies and procedures,1
1,f,26,6,6870,no,involuntary,Lack of career growth opportunities,0
1,f,26,5.2,6324,no,involuntary,Better salary and benefits,0
0,f,31,6.7,41,no,voluntary,Misconduct and inappropriate behavior,2
0,f,26,6,2195,yes,involuntary,Misconduct and inappropriate behavior,2
0,f,26,6.7,1289,yes,involuntary,Poor performance and attendance,2
1,f,33,5.2,6876,no,voluntary,Poor management and work culture,13
0,f,23,7.5,8152,no,involuntary,Lack of career growth opportunities,4
0,f,32,6.7,3547,yes,voluntary,Conflict with colleagues and manager,0
1,m,28,7.5,6436,yes,involuntary,Lack of career growth opportunities,5
0,f,26,6.7,7709,no,voluntary,Violation of company policies and procedures,6
1,f,27,2.1,8302,yes,involuntary,Lack of career growth opportunities,2
0,m,22,6,4302,yes,involuntary,Better salary and benefits,4
1,m,37,10,8205,yes,involuntary,Better salary and benefits,5
1,m,38,8.3,886,yes,voluntary,Poor performance and attendance,1
1,m,44,6.7,2326,no,involuntary,Unhappy with job responsibilities,5
0,f,27,6.7,1456,no,involuntary,Conflict with colleagues and manager,2
1,f,23,2.1,393,no,voluntary,Misconduct and inappropriate behavior,2
1,f,23,2.9,8908,yes,voluntary,Conflict with colleagues and manager,2
1,f,23,2.1,6258,yes,voluntary,Conflict with colleagues and manager,2
1,f,23,2.9,8133,no,involuntary,Poor performance and attendance,2
1,f,34,7.5,3869,yes,voluntary,Unhappy with job responsibilities,3
0,m,23,5.2,1499,yes,involuntary,Poor performance and attendance,1
0,f,25,7.5,2856,yes,involuntary,Poor performance and attendance,8
0,f,26,4.4,1278,no,involuntary,Lack of career growth opportunities,2
0,f,26,5.2,2897,no,voluntary,Lack of career growth opportunities,2
0,f,30,6,8237,yes,voluntary,Poor performance and attendance,6
1,m,45,6,5301,no,voluntary,Poor management and work culture,0
0,f,31,3.7,9448,no,voluntary,Poor management and work culture,1
0,f,31,6,9663,no,voluntary,Violation of company policies and procedures,1
1,f,36,3.7,6653,yes,voluntary,Misconduct and inappropriate behavior,2
1,f,36,2.9,5442,yes,voluntary,Poor performance and attendance,2
0,f,29,8.3,4359,yes,voluntary,Conflict with colleagues and manager,3
1,f,30,7.5,8583,no,involuntary,Better salary and benefits,5
1,f,23,5.2,8512,yes,voluntary,Unhappy with job responsibilities,2
1,f,23,5.2,1396,yes,involuntary,Conflict with colleagues and manager,2
1,f,27,6.7,705,yes,voluntary,Better salary and benefits,1
1,m,29,7.5,2577,yes,involuntary,Misconduct and inappropriate behavior,4
1,f,28,5.2,2910,yes,involuntary,Misconduct and inappropriate behavior,1
0,m,46,3.7,7719,yes,involuntary,Better salary and benefits,5
1,m,23,2.1,1241,no,involuntary,Poor management and work culture,5
1,m,23,2.9,5095,yes,involuntary,Misconduct and inappropriate behavior,5
0,f,26,4.4,6279,no,voluntary,Poor performance and attendance,12
0,f,26,5.2,6803,yes,involuntary,Conflict with colleagues and manager,12
1,f,38,3.7,4470,yes,voluntary,Violation of company policies and procedures,1
1,f,38,3.7,2265,yes,voluntary,Poor performance and attendance,1
1,m,26,4.4,5132,no,voluntary,Poor management and work culture,8
0,f,31,2.9,9574,yes,involuntary,Poor performance and attendance,6
0,f,31,3.7,6702,no,voluntary,Lack of career growth opportunities,6
1,f,36,6,3145,yes,voluntary,Unhappy with job responsibilities,5
0,f,33,6,240,yes,involuntary,Better salary and benefits,4
0,f,33,7.5,1140,no,involuntary,Violation of company policies and procedures,4
1,f,28,6,1319,yes,voluntary,Misconduct and inappropriate behavior,2
1,f,27,6.7,2519,no,involuntary,Poor management and work culture,1
0,f,26,6.7,4962,yes,voluntary,Better salary and benefits,2
0,f,28,3.7,8277,no,voluntary,Unhappy with job responsibilities,9
1,f,40,7.5,1653,no,involuntary,Violation of company policies and procedures,0
1,m,23,6,7817,no,involuntary,Poor management and work culture,0
1,f,22,8.3,1786,no,voluntary,Violation of company policies and procedures,3
0,f,29,7.5,1899,yes,voluntary,Lack of career growth opportunities,3
0,f,29,7.5,4959,no,involuntary,Unhappy with job responsibilities,3
1,m,23,7.5,1855,yes,voluntary,Conflict with colleagues and manager,0
0,f,29,7.5,5478,no,voluntary,Poor performance and attendance,3
0,f,29,7.5,3348,yes,involuntary,Conflict with colleagues and manager,3
1,m,26,6,2983,yes,involuntary,Lack of career growth opportunities,1
0,f,26,6,4832,yes,involuntary,Lack of career growth opportunities,7
1,m,26,6,3777,no,voluntary,Better salary and benefits,1
0,m,19,6,28,yes,voluntary,Lack of career growth opportunities,5
0,f,33,4.4,8627,yes,involuntary,Violation of company policies and procedures,1
1,f,24,2.9,9507,yes,voluntary,Misconduct and inappropriate behavior,2
0,f,31,4.4,9201,yes,involuntary,Lack of career growth opportunities,2
1,f,33,5.2,6637,no,voluntary,Poor management and work culture,13
1,f,22,6,7221,no,involuntary,Misconduct and inappropriate behavior,1
1,f,25,6.7,9273,yes,involuntary,Violation of company policies and procedures,1
0,f,28,8.3,5525,yes,voluntary,Unhappy with job responsibilities,0
0,f,32,6.7,5987,yes,voluntary,Misconduct and inappropriate behavior,0
1,f,22,6.7,6907,no,involuntary,Unhappy with job responsibilities,0
1,f,37,8.3,3803,no,voluntary,Lack of career growth opportunities,1
1,f,27,6.7,7547,no,involuntary,Conflict with colleagues and manager,3
1,f,27,8.3,5616,no,involuntary,Misconduct and inappropriate behavior,3
1,f,35,6.7,5638,yes,involuntary,Better salary and benefits,1
0,f,27,5.2,7744,no,voluntary,Conflict with colleagues and manager,14
1,m,24,6,841,no,involuntary,Misconduct and inappropriate behavior,3
1,f,25,2.1,6924,yes,involuntary,Lack of career growth opportunities,0
1,f,23,6,9235,yes,voluntary,Poor management and work culture,3
0,f,24,4.4,5516,no,voluntary,Misconduct and inappropriate behavior,3
1,m,31,4.4,8272,yes,voluntary,Misconduct and inappropriate behavior,8
1,m,35,2.9,1139,yes,voluntary,Misconduct and inappropriate behavior,1
1,f,21,2.1,5129,yes,voluntary,Misconduct and inappropriate behavior,2
0,f,19,5.2,6825,yes,involuntary,Conflict with colleagues and manager,10
1,f,21,6,2289,no,involuntary,Lack of career growth opportunities,2
1,f,24,6,8838,no,involuntary,Conflict with colleagues and manager,2
0,f,35,3.7,9031,yes,voluntary,Poor performance and attendance,2
1,m,25,8.3,8336,no,voluntary,Conflict with colleagues and manager,5
1,m,19,6.7,9110,yes,involuntary,Poor management and work culture,11
1,m,19,5.2,8952,no,voluntary,Poor performance and attendance,11
0,f,30.40033257,5.2,2856,yes,involuntary,Conflict with colleagues and manager,3
0,f,35,6.7,1277,no,voluntary,Better salary and benefits,3
0,f,43,5.2,721,yes,voluntary,Misconduct and inappropriate behavior,2
1,f,22,9,615,no,voluntary,Better salary and benefits,2
1,f,48,6.7,3360,no,involuntary,Conflict with colleagues and manager,3
0,f,29,7.5,8716,yes,involuntary,Poor management and work culture,2
0,f,29,5.2,5643,yes,involuntary,Poor management and work culture,2
0,f,33,6,8368,no,involuntary,Lack of career growth opportunities,4
0,f,33,7.5,8582,yes,involuntary,Better salary and benefits,4
1,f,44,5.2,7919,no,involuntary,Poor management and work culture,2
1,f,24,2.9,9834,yes,involuntary,Misconduct and inappropriate behavior,1
1,f,42,6,1184,no,voluntary,Misconduct and inappropriate behavior,4
1,f,42,4.4,9000,no,voluntary,Better salary and benefits,4
1,f,22,3.7,6484,yes,voluntary,Better salary and benefits,11
1,m,41,4.4,4530,no,voluntary,Conflict with colleagues and manager,1
1,f,26,6.7,8020,yes,voluntary,Unhappy with job responsibilities,1
1,m,31,4.4,8568,no,voluntary,Lack of career growth opportunities,2
1,f,38,6.7,9526,no,involuntary,Misconduct and inappropriate behavior,6
0,m,38,6.7,4069,no,voluntary,Poor management and work culture,1
1,f,26,8.3,6554,no,involuntary,Lack of career growth opportunities,1
0,f,29,6.7,8217,yes,voluntary,Unhappy with job responsibilities,0
0,f,29,2.9,4411,yes,involuntary,Misconduct and inappropriate behavior,0
0,f,29,2.9,274,no,involuntary,Lack of career growth opportunities,0
1,f,38,4.4,3802,no,involuntary,Misconduct and inappropriate behavior,0
1,f,38,2.9,1897,yes,involuntary,Conflict with colleagues and manager,0
0,m,35,9,8093,no,voluntary,Lack of career growth opportunities,4
0,f,39,9,2515,yes,involuntary,Poor performance and attendance,1
1,m,19,6.7,5870,yes,involuntary,Lack of career growth opportunities,11
1,m,19,5.2,2221,yes,involuntary,Poor management and work culture,11
0,f,26,6,3552,no,voluntary,Unhappy with job responsibilities,3
0,f,26,6.7,6006,yes,involuntary,Violation of company policies and procedures,3
1,m,32,7.5,6537,yes,voluntary,Lack of career growth opportunities,5
1,f,26,6.7,1006,yes,involuntary,Unhappy with job responsibilities,1
0,m,33,5.2,6021,no,involuntary,Violation of company policies and procedures,3
0,m,33,6,1276,no,involuntary,Violation of company policies and procedures,3
0,f,39,3.7,9232,no,involuntary,Better salary and benefits,1
0,f,39,2.9,6907,yes,voluntary,Unhappy with job responsibilities,1
0,f,23,4.4,412,no,involuntary,Lack of career growth opportunities,2
0,f,24,2.9,9523,yes,involuntary,Lack of career growth opportunities,2
0,f,26,7.5,9928,no,involuntary,Poor management and work culture,0
0,f,26,9,3067,no,involuntary,Misconduct and inappropriate behavior,0
0,f,34,5.2,4320,no,involuntary,Violation of company policies and procedures,1
0,f,26,7.5,2269,no,voluntary,Better salary and benefits,0
0,f,26,9,8880,yes,involuntary,Conflict with colleagues and manager,0
0,m,32,5.2,1865,yes,voluntary,Unhappy with job responsibilities,4
0,f,29,2.9,3466,no,voluntary,Violation of company policies and procedures,3
0,f,21,5.2,7913,no,involuntary,Violation of company policies and procedures,9
0,f,21,3.7,8471,yes,voluntary,Better salary and benefits,9
0,f,26,7.5,2349,no,involuntary,Violation of company policies and procedures,0
0,f,26,9,2701,no,voluntary,Conflict with colleagues and manager,0
0,f,26,7.5,2873,yes,involuntary,Violation of company policies and procedures,0
0,f,26,9,5986,yes,involuntary,Lack of career growth opportunities,0
1,m,42,3.7,5295,no,voluntary,Poor performance and attendance,1
0,f,35,7.5,2995,yes,involuntary,Poor performance and attendance,0
1,m,42,5.2,1336,yes,involuntary,Lack of career growth opportunities,4
0,m,28,3.7,437,yes,voluntary,Unhappy with job responsibilities,7
0,f,27,7.5,1716,no,involuntary,Conflict with colleagues and manager,3
0,f,27,8.3,3109,no,voluntary,Conflict with colleagues and manager,3
1,m,33,5.2,7673,yes,voluntary,Misconduct and inappropriate behavior,1
0,f,26,7.5,929,no,voluntary,Poor performance and attendance,0
0,f,26,9,7060,yes,voluntary,Conflict with colleagues and manager,0
0,f,31,3.7,5095,yes,voluntary,Violation of company policies and procedures,1
0,f,31,6,917,no,involuntary,Lack of career growth opportunities,1
1,f,32,6,6087,no,voluntary,Poor management and work culture,2
0,f,25,5.2,1254,yes,voluntary,Violation of company policies and procedures,1
0,f,33,6,4013,yes,voluntary,Better salary and benefits,0
1,f,28,2.1,7571,no,involuntary,Conflict with colleagues and manager,2
1,m,26,7.5,643,yes,involuntary,Conflict with colleagues and manager,4
1,f,40,6.7,1306,yes,voluntary,Conflict with colleagues and manager,2
0,f,26,4.4,1882,yes,involuntary,Poor performance and attendance,2
0,m,21,8.3,2760,yes,voluntary,Poor management and work culture,3
0,f,27,7.5,670,no,voluntary,Lack of career growth opportunities,0
1,f,29,7.5,8856,no,voluntary,Poor management and work culture,2
0,f,25,9.8,9513,yes,involuntary,Lack of career growth opportunities,3
1,m,44,4.4,3807,yes,involuntary,Unhappy with job responsibilities,5
1,m,31,7.5,2238,no,voluntary,Violation of company policies and procedures,2
1,f,36,8.3,5487,no,involuntary,Conflict with colleagues and manager,1
1,f,30,7.5,9125,yes,involuntary,Lack of career growth opportunities,5
0,f,31,2.9,5381,yes,involuntary,Lack of career growth opportunities,4
0,f,22,8.3,6772,no,involuntary,Lack of career growth opportunities,2
1,f,54,4.4,7786,yes,involuntary,Poor management and work culture,0
1,f,54,4.4,7757,yes,involuntary,Poor performance and attendance,0
1,f,36,7.5,2660,yes,involuntary,Unhappy with job responsibilities,4
1,f,32,9,2807,no,involuntary,Poor management and work culture,0
0,f,33,7.5,1675,yes,voluntary,Poor management and work culture,4
0,f,23,2.9,1778,no,voluntary,Unhappy with job responsibilities,4
1,f,41,8.3,3596,no,involuntary,Conflict with colleagues and manager,1
1,f,41,7.5,851,yes,involuntary,Misconduct and inappropriate behavior,1
1,f,41,7.5,9446,yes,involuntary,Misconduct and inappropriate behavior,1
1,f,30,7.5,2650,yes,involuntary,Unhappy with job responsibilities,2
0,f,26,3.7,2080,no,involuntary,Poor performance and attendance,1
1,f,23,6.7,1522,yes,voluntary,Unhappy with job responsibilities,6
1,f,23,6.7,7229,no,involuntary,Conflict with colleagues and manager,6
0,f,42,4.4,1373,no,involuntary,Unhappy with job responsibilities,8
1,f,25,4.4,1677,yes,involuntary,Better salary and benefits,4
1,f,23,4.4,8772,no,involuntary,Poor management and work culture,2
1,f,22,4.4,5356,yes,involuntary,Poor performance and attendance,8
0,f,29,2.9,3032,no,voluntary,Poor performance and attendance,4
0,f,37,4.4,8992,no,voluntary,Unhappy with job responsibilities,9
1,m,24,5.2,1606,yes,voluntary,Lack of career growth opportunities,6
1,m,26,3.7,889,no,involuntary,Conflict with colleagues and manager,0
1,f,34,5.2,910,yes,voluntary,Violation of company policies and procedures,4
1,f,27,5.2,3899,yes,involuntary,Violation of company policies and procedures,1
0,f,28,6.7,8593,no,voluntary,Violation of company policies and procedures,1
0,f,28,2.9,1336,yes,voluntary,Poor management and work culture,1
0,f,28,2.9,3696,no,involuntary,Lack of career growth opportunities,1
0,f,20,5.2,4511,yes,voluntary,Conflict with colleagues and manager,3
1,m,26,6,8197,no,involuntary,Poor performance and attendance,4
1,f,27,6,9966,no,voluntary,Better salary and benefits,1
1,f,22,8.3,9054,yes,involuntary,Violation of company policies and procedures,9
0,f,31,4.4,6048,yes,involuntary,Unhappy with job responsibilities,4
1,f,31,6.7,1479,yes,involuntary,Unhappy with job responsibilities,1
1,f,31,7.5,3582,yes,voluntary,Conflict with colleagues and manager,4
1,f,37,2.1,4828,no,involuntary,Conflict with colleagues and manager,7
1,m,42,5.2,2593,yes,involuntary,Better salary and benefits,4
1,f,22,6.7,5686,no,involuntary,Poor performance and attendance,2
1,f,22,6,5605,yes,involuntary,Poor management and work culture,2
1,m,40,5.2,7061,yes,voluntary,Misconduct and inappropriate behavior,0
0,f,23,4.4,493,yes,voluntary,Violation of company policies and procedures,2
1,f,34,5.2,4915,no,involuntary,Poor management and work culture,0
0,m,33,9,8157,yes,voluntary,Unhappy with job responsibilities,7
1,f,46,5.2,5840,yes,voluntary,Poor management and work culture,2
0,f,22,9,8354,no,involuntary,Misconduct and inappropriate behavior,6
0,f,25,3.7,8766,no,voluntary,Violation of company policies and procedures,6
1,f,23,6.7,2628,no,voluntary,Lack of career growth opportunities,7
1,f,23,6.7,8000,no,involuntary,Lack of career growth opportunities,7
1,m,31,6.7,3485,no,involuntary,Unhappy with job responsibilities,2
0,f,25,9,7642,yes,involuntary,Poor performance and attendance,0
0,f,30,8.3,1499,yes,involuntary,Lack of career growth opportunities,12
0,f,22,2.9,1770,no,voluntary,Poor performance and attendance,9
1,f,35,6,4813,no,involuntary,Violation of company policies and procedures,3
1,f,24,8.3,5434,yes,involuntary,Violation of company policies and procedures,4
0,f,29,2.1,574,no,involuntary,Poor management and work culture,9
0,m,36,6.7,450,yes,voluntary,Misconduct and inappropriate behavior,1
0,m,33,6.7,1495,yes,voluntary,Better salary and benefits,11
0,f,34,6.7,808,yes,voluntary,Poor performance and attendance,3
0,f,34,6,8951,yes,voluntary,Lack of career growth opportunities,3
0,f,34,6.7,7455,yes,involuntary,Unhappy with job responsibilities,3
0,f,28,4.4,7744,yes,involuntary,Misconduct and inappropriate behavior,4
0,f,45,8.3,4749,yes,voluntary,Misconduct and inappropriate behavior,1
0,f,45,9,8818,yes,voluntary,Lack of career growth opportunities,1
1,f,41,6,9343,yes,voluntary,Misconduct and inappropriate behavior,1
1,f,41,3.7,1081,no,involuntary,Lack of career growth opportunities,1
1,f,41,5.2,2278,yes,involuntary,Violation of company policies and procedures,1
1,f,41,2.1,425,no,voluntary,Unhappy with job responsibilities,0
1,f,41,2.1,796,yes,involuntary,Misconduct and inappropriate behavior,0
0,m,33,7.5,4529,no,involuntary,Misconduct and inappropriate behavior,3
1,f,22,6.7,7850,yes,involuntary,Conflict with colleagues and manager,3
0,f,29,6.7,3452,yes,voluntary,Poor performance and attendance,0
0,f,29,2.9,5533,yes,voluntary,Violation of company policies and procedures,0
0,f,29,2.9,8110,yes,involuntary,Poor management and work culture,0
1,f,34,6,9919,yes,involuntary,Conflict with colleagues and manager,3
0,m,33,5.2,149,no,voluntary,Poor performance and attendance,3
0,m,33,6,7623,yes,voluntary,Poor performance and attendance,3
0,f,28,8.3,7311,no,involuntary,Violation of company policies and procedures,1
1,f,27,8.3,9341,yes,involuntary,Conflict with colleagues and manager,3
1,f,27,3.7,4973,no,involuntary,Poor management and work culture,3
1,f,35,8.3,7586,no,involuntary,Better salary and benefits,1
1,f,27,6,8106,no,voluntary,Misconduct and inappropriate behavior,5
1,f,42,6,335,no,voluntary,Better salary and benefits,2
0,f,22,2.9,555,yes,voluntary,Poor management and work culture,3
0,f,40,4.4,2676,yes,involuntary,Misconduct and inappropriate behavior,4
0,f,40,2.9,6299,yes,involuntary,Poor management and work culture,4
0,m,31,8.3,5556,no,involuntary,Poor management and work culture,0
0,f,43,4.4,8747,yes,voluntary,Unhappy with job responsibilities,0
0,f,23,5.2,6636,no,voluntary,Violation of company policies and procedures,5
0,f,29,5.2,3190,yes,voluntary,Unhappy with job responsibilities,2
0,f,29,2.9,1551,yes,voluntary,Poor management and work culture,2
0,f,29,3.7,5972,no,involuntary,Better salary and benefits,2
0,f,22,6,7190,yes,voluntary,Lack of career growth opportunities,4
1,f,44,6.7,1405,yes,involuntary,Misconduct and inappropriate behavior,1
0,m,21,3.7,2359,yes,involuntary,Violation of company policies and procedures,3
0,m,40,1.3,5412,yes,voluntary,Misconduct and inappropriate behavior,4
1,f,32,6,6659,no,involuntary,Poor performance and attendance,0
0,m,31,6,9647,no,involuntary,Poor performance and attendance,6
1,f,23,2.1,684,yes,involuntary,Misconduct and inappropriate behavior,1
1,m,27,6,9117,no,voluntary,Misconduct and inappropriate behavior,9
0,f,25,1.3,9846,no,involuntary,Poor performance and attendance,7
0,f,25,2.9,623,no,involuntary,Poor performance and attendance,7
1,m,39,5.2,5236,no,involuntary,Misconduct and inappropriate behavior,2
1,f,29,6.7,27,yes,voluntary,Misconduct and inappropriate behavior,11
1,f,24,3.7,3044,no,voluntary,Unhappy with job responsibilities,1
1,f,24,4.4,2782,no,voluntary,Unhappy with job responsibilities,1
1,f,33,6.7,4921,yes,involuntary,Better salary and benefits,1
1,f,27,6.7,6973,no,involuntary,Conflict with colleagues and manager,5
1,f,29,6.7,7319,yes,voluntary,Conflict with colleagues and manager,1
0,f,29,6.7,3811,yes,involuntary,Better salary and benefits,3
1,m,19,6,7481,yes,involuntary,Poor management and work culture,14
1,m,29,1,9174,no,voluntary,Better salary and benefits,3
0,f,27,3.7,6376,no,involuntary,Unhappy with job responsibilities,0
0,f,29,7.5,8106,yes,voluntary,Violation of company policies and procedures,1
0,m,33,5.2,4027,no,involuntary,Violation of company policies and procedures,4
1,f,30,5.2,2874,no,involuntary,Poor performance and attendance,2
0,f,31,5.2,6788,yes,involuntary,Conflict with colleagues and manager,2
0,m,33,7.5,775,yes,involuntary,Lack of career growth opportunities,6
0,m,34,5.2,2579,yes,involuntary,Misconduct and inappropriate behavior,1
1,f,34,5.2,6030,yes,voluntary,Poor management and work culture,4
1,m,29,6,9833,yes,voluntary,Poor performance and attendance,1
1,f,31,9,3549,yes,voluntary,Poor performance and attendance,5
1,m,42,5.2,6351,yes,voluntary,Poor management and work culture,4
1,f,34,6.7,4389,no,voluntary,Conflict with colleagues and manager,1
1,f,39,4.4,7820,yes,involuntary,Misconduct and inappropriate behavior,1
1,f,38,2.9,1552,yes,involuntary,Conflict with colleagues and manager,10
0,f,42,7.5,2209,no,voluntary,Violation of company policies and procedures,1
1,f,33,8.3,4368,no,involuntary,Better salary and benefits,1
1,f,44,10,5929,yes,involuntary,Poor management and work culture,2
1,m,28,6,4190,yes,involuntary,Violation of company policies and procedures,0
0,f,30.40033257,7.5,7512,no,voluntary,Lack of career growth opportunities,8
1,f,24,5.2,8835,yes,involuntary,Poor performance and attendance,1
1,f,29,7.5,8638,no,involuntary,Poor management and work culture,2
0,m,27,9,860,yes,voluntary,Poor performance and attendance,3
1,m,30,8.3,8970,yes,involuntary,Poor management and work culture,8
1,f,39,3.7,1227,no,involuntary,Lack of career growth opportunities,1
1,f,26,9,5203,no,involuntary,Unhappy with job responsibilities,1
0,m,40,9,8800,yes,involuntary,Unhappy with job responsibilities,0
0,f,28,5.2,8264,yes,voluntary,Better salary and benefits,0
0,f,39,3.7,3332,no,involuntary,Violation of company policies and procedures,1
0,f,39,2.9,1052,yes,voluntary,Misconduct and inappropriate behavior,1
0,f,24,6.7,621,yes,involuntary,Better salary and benefits,2
0,f,24,6,5944,yes,involuntary,Lack of career growth opportunities,2
0,f,34,6,6817,yes,voluntary,Poor management and work culture,1
0,f,23,2.1,7350,no,involuntary,Unhappy with job responsibilities,1
0,m,28,3.7,4014,no,voluntary,Poor performance and attendance,7
0,f,30,4.4,1930,yes,voluntary,Better salary and benefits,1
1,f,34,7.5,6313,yes,involuntary,Misconduct and inappropriate behavior,1
1,f,32,9.8,8730,no,involuntary,Poor management and work culture,4
0,f,20,6.7,5897,yes,voluntary,Poor management and work culture,7
0,f,25,8.3,9385,yes,voluntary,Poor performance and attendance,2
1,f,23,4.4,9572,yes,involuntary,Violation of company policies and procedures,0
1,f,25,7.5,9359,no,voluntary,Better salary and benefits,4
1,f,25,5.2,3825,yes,voluntary,Lack of career growth opportunities,1
0,f,37,6.7,7197,yes,involuntary,Poor management and work culture,3
0,m,36,6,403,yes,voluntary,Lack of career growth opportunities,2
0,f,23,6,9434,yes,involuntary,Poor performance and attendance,2
0,f,26,6.7,861,yes,involuntary,Better salary and benefits,1
1,f,32,2.9,230,no,voluntary,Poor performance and attendance,2
0,f,23,9.8,2700,no,voluntary,Better salary and benefits,8
0,f,45,5.2,737,no,voluntary,Conflict with colleagues and manager,3
1,f,25,5.2,9825,yes,voluntary,Better salary and benefits,2
0,f,38,7.5,7794,no,involuntary,Violation of company policies and procedures,4
0,f,20,7.5,1420,yes,voluntary,Poor management and work culture,8
1,f,34,4.4,2797,no,voluntary,Better salary and benefits,2
0,f,24,4.4,5015,no,voluntary,Misconduct and inappropriate behavior,3
0,f,38,9,1858,no,involuntary,Violation of company policies and procedures,1
0,f,33,6,9674,no,involuntary,Poor performance and attendance,2
1,m,25,6,3985,no,voluntary,Conflict with colleagues and manager,2
0,f,32,8.3,5357,yes,voluntary,Misconduct and inappropriate behavior,2
1,f,36,8.3,8052,yes,involuntary,Better salary and benefits,3
1,f,32,6.7,6809,yes,involuntary,Violation of company policies and procedures,2
1,f,25,6.7,3754,yes,voluntary,Violation of company policies and procedures,7
0,m,37,6.7,9151,yes,voluntary,Poor performance and attendance,2
1,f,26,6,503,yes,involuntary,Poor management and work culture,4
0,m,32,6,6436,no,involuntary,Poor performance and attendance,3
0,f,25,3.7,8786,no,involuntary,Poor management and work culture,5
1,f,37,5.2,6879,yes,involuntary,Misconduct and inappropriate behavior,0
1,f,25,6,8258,no,involuntary,Poor performance and attendance,7
0,f,25,9.8,6285,yes,involuntary,Poor performance and attendance,9
0,f,56,6.7,5159,no,voluntary,Misconduct and inappropriate behavior,1
1,m,24,3.7,5867,no,voluntary,Conflict with colleagues and manager,1
0,f,32,6,1963,yes,involuntary,Conflict with colleagues and manager,8
0,f,24,8.3,8935,no,involuntary,Unhappy with job responsibilities,15
0,f,24,4.4,9080,yes,voluntary,Violation of company policies and procedures,1
0,f,24,2.9,9293,no,voluntary,Poor management and work culture,2
0,m,31,4.4,1866,yes,involuntary,Misconduct and inappropriate behavior,5
0,f,27,3.7,6833,no,involuntary,Poor performance and attendance,2
0,f,37,6.7,4866,yes,involuntary,Poor performance and attendance,5
1,f,38,7.5,4674,yes,voluntary,Poor management and work culture,0
0,f,35,5.2,614,no,voluntary,Poor performance and attendance,5
0,f,35,4.4,7767,no,involuntary,Better salary and benefits,5
0,m,29,8.3,6497,no,voluntary,Poor performance and attendance,0
0,m,25,6.7,4384,no,voluntary,Better salary and benefits,0
1,f,26,5.2,1131,no,voluntary,Lack of career growth opportunities,2
0,f,27,6,973,yes,involuntary,Lack of career growth opportunities,12
1,f,34,6,9527,no,voluntary,Better salary and benefits,4
1,f,34,6,5724,yes,involuntary,Unhappy with job responsibilities,4
1,f,34,3.7,2834,yes,involuntary,Lack of career growth opportunities,4
1,f,34,5.2,4599,no,involuntary,Violation of company policies and procedures,4
0,f,35,2.9,9555,yes,involuntary,Poor management and work culture,1
1,f,36,9,1562,yes,voluntary,Misconduct and inappropriate behavior,2
0,f,46,6,2877,yes,involuntary,Poor management and work culture,8
1,f,32,9,6938,no,voluntary,Unhappy with job responsibilities,1
0,f,38,6,2761,yes,voluntary,Unhappy with job responsibilities,1
0,f,38,6,9941,no,voluntary,Better salary and benefits,1
0,f,38,3.7,403,no,voluntary,Lack of career growth opportunities,1
0,f,38,5.2,8952,no,involuntary,Lack of career growth opportunities,1
0,f,25,6.7,5127,yes,voluntary,Violation of company policies and procedures,5
1,f,23,6.7,2474,yes,voluntary,Poor management and work culture,1
0,f,31,2.9,9562,no,voluntary,Better salary and benefits,7
0,f,31,3.7,7760,yes,involuntary,Misconduct and inappropriate behavior,7
0,f,40,4.4,8204,yes,voluntary,Lack of career growth opportunities,5
0,f,40,2.9,1505,no,voluntary,Misconduct and inappropriate behavior,5
0,m,40,1.3,7970,no,voluntary,Violation of company policies and procedures,4
0,m,26,6.7,3589,yes,voluntary,Misconduct and inappropriate behavior,5
0,m,23,5.2,4169,yes,involuntary,Poor performance and attendance,14
0,m,23,6,4,yes,voluntary,Lack of career growth opportunities,14
1,m,37,9.8,3440,yes,involuntary,Unhappy with job responsibilities,5
0,f,34,5.2,7080,yes,involuntary,Poor management and work culture,2
1,f,29,4.4,2063,yes,involuntary,Better salary and benefits,0
1,f,27,6,3874,yes,involuntary,Unhappy with job responsibilities,5
0,f,31,8.3,6050,yes,involuntary,Lack of career growth opportunities,2
1,m,18,7.5,955,no,voluntary,Better salary and benefits,7
0,f,31,6.7,6382,no,voluntary,Poor management and work culture,4
0,f,27,4.4,5323,yes,voluntary,Lack of career growth opportunities,2
0,f,35,6.7,2516,no,voluntary,Poor management and work culture,1
0,f,39,4.4,9439,yes,voluntary,Unhappy with job responsibilities,4
0,f,39,1.3,4994,yes,voluntary,Better salary and benefits,4
0,f,27,7.5,2365,yes,voluntary,Poor management and work culture,4
0,f,27,8.3,5862,no,voluntary,Poor management and work culture,4
1,f,37,8.3,4871,no,involuntary,Conflict with colleagues and manager,3
1,f,37,7.5,2097,no,voluntary,Unhappy with job responsibilities,3
1,f,37,8.3,5819,yes,involuntary,Unhappy with job responsibilities,3
1,f,37,7.5,6091,no,involuntary,Misconduct and inappropriate behavior,3
0,f,36,6.7,6316,yes,involuntary,Better salary and benefits,4
0,f,31,6.7,9199,yes,involuntary,Better salary and benefits,1
0,f,23,4.4,8824,no,voluntary,Conflict with colleagues and manager,3
0,f,31,1,1478,yes,voluntary,Misconduct and inappropriate behavior,6
0,m,22,6.7,3357,yes,involuntary,Poor performance and attendance,3
1,m,30,7.5,2609,no,involuntary,Lack of career growth opportunities,12
0,f,45,5.2,4324,no,involuntary,Poor management and work culture,1
0,f,33,6,1836,yes,voluntary,Lack of career growth opportunities,5
0,f,33,7.5,3652,yes,involuntary,Better salary and benefits,5
1,f,33,7.5,9474,yes,involuntary,Violation of company policies and procedures,4
1,f,18,5.2,6773,no,involuntary,Lack of career growth opportunities,4
1,f,36,6.7,375,yes,involuntary,Conflict with colleagues and manager,1
0,f,41,5.2,7646,yes,involuntary,Lack of career growth opportunities,1
1,f,29,9.8,7790,yes,voluntary,Conflict with colleagues and manager,2
0,f,50,5.2,2000,yes,voluntary,Unhappy with job responsibilities,0
0,f,34,1,3177,no,involuntary,Conflict with colleagues and manager,5
1,m,38,9,4507,yes,voluntary,Lack of career growth opportunities,10
0,f,25,7.5,6881,no,voluntary,Better salary and benefits,3
1,f,30.40033257,7.5,6697,no,involuntary,Violation of company policies and procedures,4
1,m,27,9,8305,yes,involuntary,Misconduct and inappropriate behavior,1
1,f,38,6.7,7823,no,involuntary,Misconduct and inappropriate behavior,2
0,f,29,9,8519,yes,involuntary,Poor management and work culture,4
0,f,26,6,2057,yes,voluntary,Poor performance and attendance,11
0,f,27,4.4,8239,no,voluntary,Lack of career growth opportunities,1
0,m,43,8.3,9556,no,involuntary,Violation of company policies and procedures,2
1,m,34,7.5,1550,yes,involuntary,Misconduct and inappropriate behavior,7
0,f,31,6.7,6801,no,voluntary,Conflict with colleagues and manager,1
0,f,27,6,1506,yes,involuntary,Better salary and benefits,2
0,f,28,4.4,3527,no,involuntary,Violation of company policies and procedures,4
0,f,21,6.7,8109,yes,involuntary,Violation of company policies and procedures,1
1,f,39,7.5,2890,yes,voluntary,Conflict with colleagues and manager,1
1,f,39,6.7,6129,no,voluntary,Lack of career growth opportunities,1
1,f,39,5.2,4229,no,involuntary,Violation of company policies and procedures,0
1,f,27,10,4900,no,involuntary,Lack of career growth opportunities,2
1,m,29,1.3,8609,yes,involuntary,Poor management and work culture,7
0,f,49,6.7,760,no,voluntary,Lack of career growth opportunities,0
0,m,27,5.2,965,yes,voluntary,Misconduct and inappropriate behavior,12
1,f,28,6.7,8900,yes,voluntary,Violation of company policies and procedures,2
1,f,27,6.7,5128,yes,involuntary,Conflict with colleagues and manager,2
0,m,23,8.3,6752,no,involuntary,Lack of career growth opportunities,0
0,m,41,1.3,2474,no,voluntary,Poor performance and attendance,3
0,m,49,3.7,521,yes,involuntary,Conflict with colleagues and manager,3
0,m,30,3.7,1127,no,voluntary,Lack of career growth opportunities,0
0,f,21,1.3,8851,no,voluntary,Violation of company policies and procedures,4
1,f,24,3.7,2684,no,voluntary,Poor performance and attendance,6
1,f,34,6.7,3874,no,involuntary,Conflict with colleagues and manager,1
1,m,38,5.2,407,yes,involuntary,Poor management and work culture,3
0,f,32,7.5,2036,no,voluntary,Violation of company policies and procedures,2
1,f,58,6,5739,no,involuntary,Poor management and work culture,3
0,m,29,8.3,9195,no,involuntary,Poor management and work culture,0
0,m,23,4.4,7530,yes,involuntary,Conflict with colleagues and manager,7
0,f,36,6,5312,no,voluntary,Unhappy with job responsibilities,1
0,f,45,8.3,7775,no,involuntary,Conflict with colleagues and manager,2
0,f,45,9,1279,yes,voluntary,Better salary and benefits,2
1,f,28,6.7,5443,no,voluntary,Lack of career growth opportunities,1
1,f,37,8.3,8927,no,involuntary,Lack of career growth opportunities,1
0,f,32,7.5,9930,no,voluntary,Poor performance and attendance,11
0,m,37,8.3,8776,no,involuntary,Unhappy with job responsibilities,0
0,m,29,2.9,2651,yes,involuntary,Poor performance and attendance,5
0,f,25,7.5,4218,no,voluntary,Poor performance and attendance,9
0,m,27,6.7,1826,yes,voluntary,Poor performance and attendance,4
0,f,42,5.2,9392,yes,involuntary,Lack of career growth opportunities,0
1,m,32,5.2,1973,yes,voluntary,Conflict with colleagues and manager,2
0,m,28,2.9,8075,no,voluntary,Conflict with colleagues and manager,1
0,m,40,7.5,9618,no,voluntary,Misconduct and inappropriate behavior,1
1,m,22,6.7,7115,no,involuntary,Lack of career growth opportunities,2
1,m,34,6.7,8987,no,voluntary,Better salary and benefits,4
0,m,40,4.4,7824,yes,voluntary,Poor performance and attendance,3
0,m,24,3.7,6561,no,voluntary,Violation of company policies and procedures,1
0,m,34,9,62,no,involuntary,Poor performance and attendance,2
0,m,29,8.3,450,yes,involuntary,Better salary and benefits,3
0,m,40,6.7,82,yes,voluntary,Better salary and benefits,0
0,f,23,6.7,7023,yes,voluntary,Misconduct and inappropriate behavior,0
1,f,36,6.7,9054,no,involuntary,Conflict with colleagues and manager,1
1,m,35,6.7,3003,no,voluntary,Violation of company policies and procedures,3
0,m,24,6,2127,yes,involuntary,Lack of career growth opportunities,3
0,f,34,5.2,6552,yes,voluntary,Violation of company policies and procedures,9
1,m,44,6,3411,no,involuntary,Conflict with colleagues and manager,1
0,f,29,4.4,9400,no,involuntary,Conflict with colleagues and manager,1
0,m,34,7.5,8221,no,involuntary,Lack of career growth opportunities,3
0,m,28,4.4,5224,no,involuntary,Better salary and benefits,1
0,f,23,3.7,940,yes,voluntary,Poor performance and attendance,1
0,f,37,6,6213,yes,voluntary,Violation of company policies and procedures,4
0,m,29,6,9411,yes,involuntary,Violation of company policies and procedures,1
0,m,29,6.7,8504,yes,involuntary,Misconduct and inappropriate behavior,1
0,m,23,5.2,6944,yes,voluntary,Violation of company policies and procedures,7
0,f,32,6,2723,yes,voluntary,Misconduct and inappropriate behavior,0
0,f,29,2.9,7555,no,voluntary,Better salary and benefits,6
1,m,36,4.4,8679,yes,voluntary,Lack of career growth opportunities,0
0,f,32,6,4020,yes,voluntary,Misconduct and inappropriate behavior,10
1,f,26,4.4,660,yes,involuntary,Better salary and benefits,1
0,f,30,8.3,817,yes,voluntary,Conflict with colleagues and manager,1
0,f,30,3.7,5460,yes,involuntary,Unhappy with job responsibilities,1
0,f,30,8.3,7460,yes,involuntary,Violation of company policies and procedures,13
0,f,24,2.1,944,no,voluntary,Misconduct and inappropriate behavior,1
0,m,28,5.2,90,no,involuntary,Poor performance and attendance,2
0,f,26,7.5,4241,no,involuntary,Lack of career growth opportunities,2
0,f,41,7.5,1612,yes,voluntary,Lack of career growth opportunities,0
1,f,38,5.2,476,yes,voluntary,Lack of career growth opportunities,3
1,f,24,4.4,6562,yes,voluntary,Violation of company policies and procedures,2
0,f,37,8.3,6777,yes,voluntary,Poor management and work culture,1
0,f,47,6.7,5682,no,voluntary,Better salary and benefits,0
0,f,26,6.7,1106,no,involuntary,Violation of company policies and procedures,2
0,f,46,5.2,6721,yes,involuntary,Lack of career growth opportunities,0
0,f,30,7.5,7130,no,voluntary,Poor management and work culture,0
1,f,37,9,5526,no,involuntary,Lack of career growth opportunities,1
0,f,30,8.3,7373,no,involuntary,Unhappy with job responsibilities,1
0,f,30,3.7,5522,no,involuntary,Violation of company policies and procedures,1
0,f,34,7.5,4108,yes,voluntary,Violation of company policies and procedures,2
0,f,23,9,2617,yes,voluntary,Lack of career growth opportunities,0
1,f,35,7.5,6706,yes,involuntary,Poor management and work culture,3
1,f,42,6,5109,yes,involuntary,Violation of company policies and procedures,4
0,f,41,5.2,5261,no,voluntary,Lack of career growth opportunities,0
0,f,41,4.4,4357,no,involuntary,Unhappy with job responsibilities,3
0,f,42,8.3,2713,yes,voluntary,Better salary and benefits,0
0,f,42,7.5,1604,yes,voluntary,Lack of career growth opportunities,0
0,f,42,7.5,7591,no,involuntary,Poor performance and attendance,0
1,f,37,8.3,5848,yes,voluntary,Poor management and work culture,3
1,f,37,7.5,8320,yes,involuntary,Unhappy with job responsibilities,3
0,f,33,6.7,5843,yes,voluntary,Violation of company policies and procedures,3
1,f,48,7.5,2550,no,voluntary,Better salary and benefits,0
0,f,34,5.2,882,no,voluntary,Poor performance and attendance,9
0,f,23,5.2,7701,yes,involuntary,Misconduct and inappropriate behavior,1
1,f,21,6.7,3076,no,involuntary,Poor performance and attendance,1
0,m,24,6,6730,yes,voluntary,Better salary and benefits,1
0,f,21,8.3,713,yes,involuntary,Unhappy with job responsibilities,0
0,f,38,5.2,1311,yes,voluntary,Unhappy with job responsibilities,1
0,f,34,7.5,7766,no,voluntary,Unhappy with job responsibilities,3
0,f,27,4.4,766,yes,involuntary,Lack of career growth opportunities,3
0,f,32,1,4772,yes,voluntary,Violation of company policies and procedures,0
1,f,27,6.7,4054,yes,voluntary,Better salary and benefits,4
1,f,31,5.2,4651,no,involuntary,Violation of company policies and procedures,2
1,f,26,9,1141,yes,voluntary,Conflict with colleagues and manager,0
0,m,28,6,7035,yes,involuntary,Violation of company policies and procedures,1
1,f,24,6.7,4699,no,involuntary,Conflict with colleagues and manager,1
0,m,34,8.3,4799,no,involuntary,Lack of career growth opportunities,4
0,m,34,6,9694,yes,voluntary,Conflict with colleagues and manager,4
0,f,22,2.9,9173,no,voluntary,Better salary and benefits,7
0,f,30,2.9,6186,no,involuntary,Conflict with colleagues and manager,3
0,f,27,8.3,1971,yes,involuntary,Better salary and benefits,7
0,f,30,6.7,8226,no,voluntary,Unhappy with job responsibilities,2
1,f,42,6,6942,no,voluntary,Unhappy with job responsibilities,2
0,f,24,3.7,6067,yes,involuntary,Violation of company policies and procedures,0
0,m,36,4.4,2241,yes,voluntary,Violation of company policies and procedures,1
0,f,30,7.5,3552,no,voluntary,Lack of career growth opportunities,1
0,f,24,5.2,6533,no,voluntary,Better salary and benefits,5
1,f,39,8.3,4383,yes,involuntary,Unhappy with job responsibilities,8
0,m,35,6.7,2271,yes,involuntary,Lack of career growth opportunities,1
0,m,39,6.7,6036,no,voluntary,Lack of career growth opportunities,2
0,m,27,7.5,510,no,involuntary,Poor management and work culture,2
0,f,27,6.7,8448,no,voluntary,Poor performance and attendance,7
0,f,24,6.7,2683,yes,voluntary,Misconduct and inappropriate behavior,2
0,f,24,6,7791,no,involuntary,Unhappy with job responsibilities,2
1,m,41,6,8743,yes,voluntary,Conflict with colleagues and manager,4
0,f,28,8.3,844,yes,voluntary,Poor management and work culture,5
1,m,32,4.4,7062,no,voluntary,Unhappy with job responsibilities,7
0,f,31,8.3,4279,yes,voluntary,Better salary and benefits,0
1,f,41,6,5588,no,involuntary,Misconduct and inappropriate behavior,1
1,f,41,3.7,9289,yes,involuntary,Misconduct and inappropriate behavior,1
1,f,41,5.2,2834,yes,involuntary,Unhappy with job responsibilities,1
0,f,43,6.7,5519,no,involuntary,Misconduct and inappropriate behavior,1
1,f,32,4.4,171,no,involuntary,Poor performance and attendance,5
0,m,45,3.7,4241,yes,involuntary,Better salary and benefits,2
0,m,45,6,4610,no,voluntary,Poor management and work culture,2
0,f,43,8.3,7988,yes,voluntary,Poor management and work culture,6
0,f,38,6.7,7663,no,voluntary,Misconduct and inappropriate behavior,0
0,f,38,6,5839,yes,involuntary,Poor management and work culture,0
0,f,38,6.7,4245,yes,voluntary,Unhappy with job responsibilities,0
0,f,46,6.7,1373,no,involuntary,Violation of company policies and procedures,1
0,f,35,2.9,8944,yes,involuntary,Better salary and benefits,7
0,m,38,5.2,698,no,involuntary,Better salary and benefits,2
0,m,38,4.4,8092,no,involuntary,Violation of company policies and procedures,2
1,f,26,5.2,780,yes,involuntary,Poor management and work culture,2
1,f,26,5.2,2468,no,involuntary,Poor performance and attendance,2
0,f,27,7.5,2513,no,involuntary,Unhappy with job responsibilities,1
0,f,27,6,412,yes,voluntary,Better salary and benefits,1
0,f,43,6.7,1668,yes,involuntary,Lack of career growth opportunities,2
0,m,26,7.5,7363,no,involuntary,Unhappy with job responsibilities,2
0,f,25,3.7,4010,yes,involuntary,Better salary and benefits,3
0,f,26,5.2,8219,no,voluntary,Lack of career growth opportunities,8
0,f,26,2.9,3588,yes,voluntary,Poor performance and attendance,8
0,f,33,6,4641,no,involuntary,Misconduct and inappropriate behavior,5
0,f,33,7.5,9625,yes,involuntary,Violation of company policies and procedures,5
0,f,38,6,3540,no,involuntary,Misconduct and inappropriate behavior,4
0,f,32,3.7,8408,no,involuntary,Poor performance and attendance,0
0,f,45,6,8781,no,voluntary,Violation of company policies and procedures,1
0,m,32,5.2,4846,yes,voluntary,Conflict with colleagues and manager,2
0,f,35,6,9139,no,voluntary,Misconduct and inappropriate behavior,1
1,f,24,6,3836,yes,involuntary,Poor performance and attendance,6
1,f,24,5.2,5925,yes,involuntary,Violation of company policies and procedures,6
1,m,31,5.2,5920,yes,involuntary,Poor management and work culture,3
1,m,31,5.2,8073,yes,involuntary,Unhappy with job responsibilities,3
0,f,24,6,1016,no,voluntary,Lack of career growth opportunities,4
0,m,26,5.2,4114,yes,involuntary,Lack of career growth opportunities,6
0,f,34,6,7618,no,voluntary,Poor performance and attendance,0
0,f,42,6,9711,yes,involuntary,Misconduct and inappropriate behavior,4
0,f,27,6.7,5487,yes,involuntary,Conflict with colleagues and manager,1
0,f,35,6.7,466,yes,voluntary,Poor management and work culture,0
0,f,37,8.3,7681,no,involuntary,Better salary and benefits,5
0,f,37,6.7,5394,yes,involuntary,Better salary and benefits,5
0,f,30,7.5,3377,no,involuntary,Poor management and work culture,0
1,f,27,3.7,2798,no,involuntary,Poor performance and attendance,1
0,m,26,9,6845,yes,involuntary,Unhappy with job responsibilities,4
0,f,27,8.3,9174,yes,voluntary,Unhappy with job responsibilities,1
1,f,23,8.3,8255,yes,voluntary,Better salary and benefits,0
0,f,54,4.4,9476,yes,voluntary,Poor management and work culture,1
0,f,21,5.2,3225,yes,involuntary,Poor management and work culture,9
0,f,21,3.7,4052,yes,voluntary,Lack of career growth opportunities,9
0,f,32,7.5,4722,yes,involuntary,Unhappy with job responsibilities,6
0,f,32,8.3,2691,no,involuntary,Poor management and work culture,6
0,f,25,1.3,8124,yes,involuntary,Conflict with colleagues and manager,8
0,f,25,2.9,7499,no,involuntary,Conflict with colleagues and manager,8
0,f,28,4.4,2700,yes,voluntary,Unhappy with job responsibilities,5
0,f,33,5.2,4115,yes,voluntary,Better salary and benefits,0
0,f,23,9.8,1025,no,involuntary,Better salary and benefits,9
0,f,31,6,1992,no,voluntary,Poor management and work culture,2
0,f,31,6,3811,yes,voluntary,Lack of career growth opportunities,2
1,f,23,7.5,2525,no,involuntary,Poor performance and attendance,1
0,f,46,6,804,yes,involuntary,Lack of career growth opportunities,2
0,f,46,4.4,8184,yes,voluntary,Violation of company policies and procedures,2
1,f,34,5.2,6923,no,involuntary,Conflict with colleagues and manager,2
0,f,26,4.4,8344,yes,involuntary,Misconduct and inappropriate behavior,0
0,f,30,6.7,8493,yes,voluntary,Conflict with colleagues and manager,1
0,f,30,8.3,8678,yes,involuntary,Poor management and work culture,1
0,f,29,2.9,4472,yes,voluntary,Violation of company policies and procedures,4
0,f,32,6,4730,no,voluntary,Lack of career growth opportunities,9
0,m,37,4.4,4231,no,involuntary,Violation of company policies and procedures,0
0,f,39,5.2,7477,yes,voluntary,Conflict with colleagues and manager,1
0,f,50,6.7,916,no,involuntary,Lack of career growth opportunities,1
0,f,51,5.2,1168,no,voluntary,Conflict with colleagues and manager,4
0,f,33,6.7,9727,yes,voluntary,Better salary and benefits,2
0,f,25,6,3162,no,voluntary,Poor performance and attendance,0
0,f,32,3.7,3763,no,involuntary,Better salary and benefits,11
0,f,32,2.9,4947,no,involuntary,Poor performance and attendance,11
0,m,23,5.2,7631,no,involuntary,Unhappy with job responsibilities,8
0,f,38,6,9705,no,involuntary,Poor management and work culture,2
0,f,38,6,8905,no,involuntary,Lack of career growth opportunities,2
0,f,38,3.7,3054,no,involuntary,Better salary and benefits,2
0,f,38,5.2,2798,yes,involuntary,Poor management and work culture,2
0,f,27,7.5,7035,no,voluntary,Poor management and work culture,1
1,f,39,6.7,3975,yes,involuntary,Violation of company policies and procedures,0
0,f,29,8.3,1013,no,involuntary,Unhappy with job responsibilities,5
0,f,31,10,7141,no,involuntary,Violation of company policies and procedures,2
0,f,32,7.5,8720,no,involuntary,Misconduct and inappropriate behavior,1
0,m,24,7.5,397,no,voluntary,Poor management and work culture,0
0,f,24,4.4,5747,yes,involuntary,Poor management and work culture,3
0,f,24,3.7,6519,yes,voluntary,Lack of career growth opportunities,3
0,m,26,4.4,5184,yes,voluntary,Conflict with colleagues and manager,6
0,f,30,8.3,8041,yes,involuntary,Lack of career growth opportunities,4
1,f,33,6.7,823,yes,involuntary,Unhappy with job responsibilities,1
1,f,34,4.4,2304,yes,involuntary,Lack of career growth opportunities,1
1,f,22,4.4,9276,yes,voluntary,Conflict with colleagues and manager,5
0,f,28,3.7,8866,yes,involuntary,Poor management and work culture,0
0,f,41,2.1,3844,no,voluntary,Better salary and benefits,1
0,f,41,2.1,1032,no,involuntary,Misconduct and inappropriate behavior,1
1,m,27,5.2,7578,yes,voluntary,Misconduct and inappropriate behavior,0
0,f,29,6,7221,yes,voluntary,Misconduct and inappropriate behavior,0
0,f,35,4.4,7854,yes,involuntary,Misconduct and inappropriate behavior,6
1,f,25,7.5,1813,yes,voluntary,Violation of company policies and procedures,5
0,m,33,7.5,2514,yes,voluntary,Lack of career growth opportunities,4
1,f,22,3.7,3601,no,involuntary,Violation of company policies and procedures,8
1,m,24,6.7,9529,yes,involuntary,Better salary and benefits,1
0,f,23,5.2,2015,yes,involuntary,Better salary and benefits,1
0,m,27,6.7,9963,yes,involuntary,Lack of career growth opportunities,1
0,m,27,2.9,6441,no,involuntary,Poor management and work culture,2
0,f,30,6.7,566,no,involuntary,Better salary and benefits,4
1,f,26,6,9023,yes,voluntary,Misconduct and inappropriate behavior,1
1,m,30,2.1,5385,no,voluntary,Poor performance and attendance,14
0,m,32,6.7,122,no,voluntary,Misconduct and inappropriate behavior,4
0,f,38,3.7,3967,yes,voluntary,Poor performance and attendance,5
0,f,34,6,9735,yes,involuntary,Lack of career growth opportunities,3
0,f,26,7.5,141,no,voluntary,Misconduct and inappropriate behavior,1
1,f,22,7.5,7107,no,voluntary,Violation of company policies and procedures,7
1,f,21,7.5,3768,no,involuntary,Poor management and work culture,6
0,f,28,7.5,9720,no,voluntary,Misconduct and inappropriate behavior,4
0,m,32,6,8599,yes,voluntary,Better salary and benefits,0
1,f,24,6.7,7498,no,involuntary,Better salary and benefits,2
0,m,49,6,1259,no,involuntary,Violation of company policies and procedures,2
1,f,23,2.9,358,no,voluntary,Poor performance and attendance,2
1,f,42,3.7,4326,yes,involuntary,Misconduct and inappropriate behavior,2
0,f,45,5.2,2276,yes,voluntary,Better salary and benefits,2
0,m,23,7.5,5200,no,voluntary,Misconduct and inappropriate behavior,9
0,f,40,5.2,3443,yes,involuntary,Lack of career growth opportunities,4
0,f,25,8.3,2253,yes,voluntary,Violation of company policies and procedures,9
0,f,29,2.9,964,yes,voluntary,Violation of company policies and procedures,4
0,m,42,5.2,2817,yes,voluntary,Conflict with colleagues and manager,3
0,m,32,7.5,2732,no,involuntary,Poor performance and attendance,5
0,f,37,8.3,5666,no,involuntary,Misconduct and inappropriate behavior,4
0,f,22,1.3,6295,yes,voluntary,Poor management and work culture,3
0,f,22,1.3,8646,yes,voluntary,Misconduct and inappropriate behavior,3
0,m,27,5.2,2697,yes,involuntary,Poor management and work culture,12
0,f,28,3.7,462,yes,voluntary,Unhappy with job responsibilities,0
0,m,31,9.8,9519,no,voluntary,Better salary and benefits,4
0,m,38,8.3,6577,yes,voluntary,Poor management and work culture,0
0,m,38,6,725,no,voluntary,Poor management and work culture,0
0,f,23,2.1,7168,yes,voluntary,Better salary and benefits,6
0,f,36,9,3064,yes,involuntary,Unhappy with job responsibilities,6
0,f,22,6.7,6813,no,involuntary,Poor management and work culture,1
0,f,22,6.7,4172,no,voluntary,Conflict with colleagues and manager,1
0,f,40,3.7,9062,yes,involuntary,Better salary and benefits,3
0,f,22,6.7,4323,no,involuntary,Conflict with colleagues and manager,3
0,m,37,7.5,3756,yes,voluntary,Poor performance and attendance,4
1,f,25,5.2,356,yes,involuntary,Poor management and work culture,4
0,m,37,6.7,8612,no,voluntary,Misconduct and inappropriate behavior,1
0,m,30,6,2340,yes,involuntary,Violation of company policies and procedures,1
0,f,24,6.7,5599,yes,involuntary,Conflict with colleagues and manager,1
1,f,35,6.7,2433,yes,voluntary,Better salary and benefits,1
0,m,30,5.2,4635,yes,involuntary,Violation of company policies and procedures,1
0,m,30,3.7,7010,no,voluntary,Poor management and work culture,1
0,m,30,5.2,8551,yes,voluntary,Poor performance and attendance,1
0,m,30,3.7,3613,no,voluntary,Poor management and work culture,1
0,m,36,6.7,2506,no,voluntary,Better salary and benefits,0
0,f,30,7.5,3105,yes,involuntary,Poor performance and attendance,9
0,f,25,3.7,5225,no,involuntary,Lack of career growth opportunities,4
0,f,25,4.4,9881,yes,voluntary,Better salary and benefits,4
1,f,25,6,2695,yes,voluntary,Better salary and benefits,2
1,f,26,6,5395,yes,involuntary,Poor management and work culture,1
1,f,21,4.4,3213,yes,voluntary,Poor management and work culture,1
0,m,22,6,2599,no,voluntary,Poor management and work culture,5
1,f,25,2.9,843,yes,voluntary,Lack of career growth opportunities,6
0,f,31,4.4,5829,yes,involuntary,Conflict with colleagues and manager,7
0,m,33,9,6326,yes,involuntary,Unhappy with job responsibilities,3
0,f,38,7.5,155,no,involuntary,Unhappy with job responsibilities,4
0,m,24,5.2,1491,no,involuntary,Misconduct and inappropriate behavior,5
0,m,30,6.7,5550,yes,involuntary,Poor performance and attendance,0
0,f,32,5.2,1105,no,voluntary,Lack of career growth opportunities,3
0,f,28,5.2,9360,yes,involuntary,Misconduct and inappropriate behavior,5
0,m,24,6.7,332,yes,involuntary,Poor management and work culture,5
0,m,36,10,6002,yes,voluntary,Conflict with colleagues and manager,3
0,f,26,5.2,3756,no,involuntary,Unhappy with job responsibilities,1
0,f,26,7.5,5907,yes,voluntary,Poor management and work culture,4
0,f,26,9,4946,no,voluntary,Misconduct and inappropriate behavior,4
1,f,26,7.5,3771,yes,involuntary,Misconduct and inappropriate behavior,10
0,m,30,9,7635,no,voluntary,Conflict with colleagues and manager,2
0,m,37,6.7,8744,no,involuntary,Poor performance and attendance,1
1,f,31,6.7,6649,no,involuntary,Conflict with colleagues and manager,4
0,m,26,7.5,9038,yes,involuntary,Better salary and benefits,3
1,m,44,3.7,7094,yes,involuntary,Poor performance and attendance,0
1,f,23,5.2,8788,no,involuntary,Lack of career growth opportunities,6
0,m,33,4.4,2884,yes,voluntary,Poor performance and attendance,1
0,f,31,5.2,8105,yes,involuntary,Conflict with colleagues and manager,2
0,m,36,4.4,283,yes,involuntary,Lack of career growth opportunities,1
1,f,39,2.1,1322,no,voluntary,Poor management and work culture,0
0,f,29,4.4,905,no,involuntary,Misconduct and inappropriate behavior,1
1,f,32,5.2,5825,yes,involuntary,Poor management and work culture,9
0,f,41,5.2,7457,yes,involuntary,Unhappy with job responsibilities,2
0,m,25,3.7,6056,no,voluntary,Violation of company policies and procedures,3
1,m,34,5.2,3877,no,involuntary,Unhappy with job responsibilities,2
1,m,34,5.2,3032,no,involuntary,Conflict with colleagues and manager,2
0,f,43,7.5,2069,no,voluntary,Misconduct and inappropriate behavior,4
0,m,54,7.5,8772,yes,involuntary,Poor performance and attendance,1
0,m,30,7.5,6656,no,voluntary,Violation of company policies and procedures,0
0,f,23,6.7,8297,no,voluntary,Unhappy with job responsibilities,4
1,m,22,6,6583,yes,involuntary,Misconduct and inappropriate behavior,5
0,f,35,6,5972,no,voluntary,Violation of company policies and procedures,4
0,f,37,2.9,6873,no,voluntary,Lack of career growth opportunities,1
0,m,23,5.2,1943,yes,involuntary,Lack of career growth opportunities,2
0,f,26,6,721,yes,involuntary,Poor performance and attendance,2
0,m,47,5.2,8790,no,voluntary,Poor management and work culture,2
0,m,47,6,7475,no,involuntary,Poor performance and attendance,2
1,f,27,6,9610,no,involuntary,Poor management and work culture,5
0,f,34,6.7,4676,no,involuntary,Lack of career growth opportunities,4
0,m,25,6.7,3487,yes,voluntary,Unhappy with job responsibilities,5
0,m,29,2.1,8751,yes,voluntary,Conflict with colleagues and manager,7
1,f,31,8.3,1037,no,voluntary,Conflict with colleagues and manager,10
1,f,31,4.4,6113,no,involuntary,Better salary and benefits,3
1,f,32,8.3,1274,yes,voluntary,Misconduct and inappropriate behavior,3
1,f,36,2.1,5974,no,involuntary,Conflict with colleagues and manager,5
1,f,36,2.9,3486,no,involuntary,Violation of company policies and procedures,5
0,f,34,9,27,yes,voluntary,Lack of career growth opportunities,1
0,f,39,6.7,6342,no,involuntary,Poor performance and attendance,1
1,f,38,9,5149,yes,involuntary,Better salary and benefits,1
1,m,29,7.5,8434,no,involuntary,Unhappy with job responsibilities,1
0,f,32,7.5,9815,no,involuntary,Unhappy with job responsibilities,1
0,f,32,7.5,1217,no,involuntary,Lack of career growth opportunities,0
0,f,32,5.2,9144,yes,voluntary,Poor performance and attendance,0
0,f,23,2.1,6935,yes,voluntary,Poor performance and attendance,3
1,f,25,7.5,9183,no,voluntary,Violation of company policies and procedures,0
1,m,34,2.9,7252,no,involuntary,Misconduct and inappropriate behavior,0
0,f,43,9,6650,no,voluntary,Lack of career growth opportunities,2
0,m,30,3.7,9176,yes,voluntary,Misconduct and inappropriate behavior,1
0,f,31,5.2,5768,no,voluntary,Lack of career growth opportunities,2
0,f,25,5.2,9477,yes,involuntary,Lack of career growth opportunities,0
0,f,22,7.5,4965,no,voluntary,Poor performance and attendance,1
0,m,41,6.7,3901,yes,involuntary,Lack of career growth opportunities,2
0,f,32,6,3127,no,involuntary,Poor performance and attendance,3
1,m,21,6,2295,yes,involuntary,Poor performance and attendance,7
0,f,29,6.7,8184,yes,involuntary,Poor performance and attendance,2
0,f,29,6.7,9052,no,voluntary,Unhappy with job responsibilities,2
0,m,25,6,9651,no,voluntary,Lack of career growth opportunities,11
1,f,27,4.4,5040,yes,voluntary,Misconduct and inappropriate behavior,4
1,f,32,6.7,3984,no,involuntary,Conflict with colleagues and manager,3
1,m,39,7.5,5844,no,involuntary,Poor management and work culture,4
0,m,28,6.7,2925,yes,voluntary,Violation of company policies and procedures,4
0,f,28,7.5,2971,no,voluntary,Unhappy with job responsibilities,8
0,f,32,2.1,4525,no,involuntary,Misconduct and inappropriate behavior,2
0,m,32,4.4,9530,no,involuntary,Misconduct and inappropriate behavior,3
1,f,45,3.7,1328,no,involuntary,Lack of career growth opportunities,4
1,f,45,8.3,3531,yes,involuntary,Unhappy with job responsibilities,4
1,f,45,7.5,7883,yes,voluntary,Violation of company policies and procedures,4
0,f,31,2.1,265,yes,involuntary,Better salary and benefits,2
1,m,23,5.2,4870,no,voluntary,Misconduct and inappropriate behavior,4
1,f,22,7.5,8599,yes,voluntary,Poor management and work culture,7
0,m,32,6,1474,no,voluntary,Violation of company policies and procedures,8
0,f,20,9,5124,no,involuntary,Poor performance and attendance,1
0,f,34,6.7,808,yes,involuntary,Poor management and work culture,1
1,f,19,6,3225,no,voluntary,Lack of career growth opportunities,4
0,m,38,5.2,6503,no,voluntary,Poor performance and attendance,3
0,f,33,6.7,6439,yes,voluntary,Poor management and work culture,8
1,f,43,5.2,1603,yes,voluntary,Poor management and work culture,0
0,f,38,3.7,6353,yes,voluntary,Better salary and benefits,1
1,f,27,6,5035,no,voluntary,Conflict with colleagues and manager,1
0,m,34,4.4,8658,yes,involuntary,Conflict with colleagues and manager,7
1,m,24,2.9,9919,yes,voluntary,Violation of company policies and procedures,7
1,m,36,5.2,1966,no,involuntary,Unhappy with job responsibilities,5
1,m,29,7.5,1160,no,voluntary,Violation of company policies and procedures,4
0,m,43,5.2,3149,yes,voluntary,Better salary and benefits,13
0,f,39,7.5,142,no,involuntary,Poor performance and attendance,1
0,f,39,6,7903,yes,voluntary,Conflict with colleagues and manager,1
0,m,31,6.7,5842,no,involuntary,Violation of company policies and procedures,1
0,m,34,4.4,9596,no,voluntary,Better salary and benefits,7
0,f,31,9,774,yes,involuntary,Unhappy with job responsibilities,8
0,f,31,7.5,1790,no,involuntary,Better salary and benefits,8
0,f,22,8.3,4669,no,involuntary,Better salary and benefits,5
1,m,41,6,4233,yes,voluntary,Conflict with colleagues and manager,1
0,m,25,8.3,9653,no,voluntary,Poor management and work culture,1
0,f,19,2.1,5727,yes,voluntary,Misconduct and inappropriate behavior,2
0,m,41,7.5,6415,yes,involuntary,Lack of career growth opportunities,1
0,f,27,4.4,5363,yes,involuntary,Lack of career growth opportunities,4
0,m,48,6,5641,no,voluntary,Conflict with colleagues and manager,1
0,f,27,7.5,2305,yes,involuntary,Violation of company policies and procedures,1
0,f,41,8.3,9616,yes,voluntary,Misconduct and inappropriate behavior,1
0,f,41,8.3,9900,yes,involuntary,Better salary and benefits,1
0,f,34,3.7,394,no,voluntary,Poor management and work culture,10
0,f,51,5.2,5635,no,involuntary,Unhappy with job responsibilities,4
0,f,29,6.7,6375,yes,voluntary,Conflict with colleagues and manager,2
